"platform","revenue","pct_of_total_rev","rides","pct_of_total_rides"
"IOS","2721961","0.6086427162400815","136146","0.60874036449484019817"
"ANDROID","1307676","0.29240223228839973","65431","0.29255718705846583084"
"WEB","442545","0.09895505147151883","22075","0.09870244844669397099"